{"train/loss_ssl": 6.128812789916992, "train/loss_classifier": 2.3284530639648438, "step": 174, "epoch": 0, "_timestamp": 1725392647.3707042, "_runtime": 104.1639142036438, "_step": 524, "train/loss": 8.457265853881836, "train/lr": 0.4919642857142855, "_wandb": {"runtime": 103}}